"","X","name","food_review","ambience_review","value_review","service_review","price_range","review_count","average_review","restaurant_main_type"
"1",1,"Cafe Du Soleil",4.2,4.4,4.1,4.2,"$30 and under","905 Reviews","4.3","French"
"2",2,"Elea",4.7,4.5,4.2,4.5,"$50 and over","573 Reviews","4.7","Greek"
"3",3,"Nice Matin",4.4,4.3,4.2,4.5,"$31 to $50","2840 Reviews","4.5","French"
"4",4,"Serafina 105",4.3,4.2,4.1,4.4,"$30 and under","142 Reviews","4.4","Italian"
"5",5,"Bodrum Turkish Mediterranean",4.6,4.3,4.5,4.5,"$30 and under","988 Reviews","4.6","Turkish"
"6",6,"French Roast Uptown",4.4,4.4,4.2,4.4,"$31 to $50","223 Reviews","4.4","French American"
"7",7,"Sushi Nonaka",4.8,4.8,4.5,4.7,"$50 and over","110 Reviews","4.8","Sushi"
"8",8,"Trattoria iL Gusto Wine Bar",4.4,4.4,4.3,4.4,"$30 and under","199 Reviews","4.4","Italian"
"9",9,"La Sirene UWS",4.6,4.5,4.3,4.6,"$31 to $50","541 Reviews","4.7","French"
"10",10,"Le Monde",4.3,4.2,4,4.2,"$30 and under","295 Reviews","4.2","French"
"11",11,"Osteria 106",4.8,4.7,4.6,4.8,"$30 and under","323 Reviews","4.9","Italian"
"12",12,"The Leopard at des Artistes",4.6,4.8,4.2,4.7,"$50 and over","1980 Reviews","4.7","Italian"
"13",13,"Pappardella",4.5,4.4,4.3,4.4,"$31 to $50","1555 Reviews","4.5","Italian"
"14",14,"Island",4.4,4.4,4.1,4.5,"$31 to $50","356 Reviews","4.5","American"
"15",15,"The Milling Room",4.5,4.7,4.2,4.5,"$31 to $50","1816 Reviews","4.7","American"
"16",16,"The Consulate",4.3,4.4,3.9,4.4,"$31 to $50","139 Reviews","4.4","French American"
"17",17,"Orsay",4.5,4.5,4.1,4.5,"$50 and over","2493 Reviews","4.5","French"
"18",18,"Coppola's West",4.6,4.4,4.3,4.7,"$31 to $50","980 Reviews","4.6","Italian"
"19",19,"Sala Thai",4.8,4.6,4.6,4.7,"$30 and under","296 Reviews","4.8","Thai"
"20",20,"Lokal Mediterranean Kitchen",4.6,4.4,4.3,4.6,"$31 to $50","382 Reviews","4.6","Mediterranean"
"21",21,"Sojourn Restaurant",4.5,4.2,4.2,4.2,"$30 and under","1653 Reviews","4.5","Contemporary American"
"22",22,"Ousia",4.6,4.6,4.3,4.6,"$31 to $50","887 Reviews","4.6","Mediterranean"
"23",23,"Cafe Fiorello",4.5,4.3,4.1,4.4,"$31 to $50","7589 Reviews","4.5","Italian"
"24",24,"Ortomare Ristorante Pizzeria",4.7,4.5,4.7,4.7,"$30 and under","116 Reviews","4.7","Italian"
"25",25,"Haru Sushi - Amsterdam Ave",4.5,4.2,4.2,4.5,"$31 to $50","145 Reviews","4.6","Japanese"
"26",26,"Rosa Mexicano by Lincoln Center",4.3,4.3,4,4.3,"$31 to $50","7644 Reviews","4.4","Mexican"
"27",27,"Gardenia Terrace",4.4,4.4,4.3,4.3,"$30 and under","170 Reviews","4.6","Mediterranean"
"28",28,"Awadh",4.6,4,4.2,4.1,"$31 to $50","716 Reviews","4.4","Indian"
"29",29,"Cafe d'Alsace",4.6,4.5,4.3,4.6,"$31 to $50","2119 Reviews","4.6","French"
"30",30,"Sushi Kaito",4.9,4.7,4.6,4.9,"$50 and over","381 Reviews","4.9","Sushi"
"31",31,"Boilery Upper West Side",4.6,4.3,4.4,4.5,"$31 to $50","39 Reviews","4.6","Seafood"
"32",32,"Sandro's Restaurant",4.8,4.7,4.5,4.9,"$50 and over","358 Reviews","4.8","Italian"
"33",33,"BLT Prime",4.3,4.1,3.9,4.3,"Booked 0 times today","Booked 22 times today","Booked 0 times today","Booked 31 times today"
"34",34,"Blue Ribbon Sushi Bar & Grill",4.6,4.2,4.1,4.6,"$50 and over","28 Reviews","4.6","Sushi"
"35",35,"Porter House Bar and Grill",4.6,4.6,4.1,4.5,"$50 and over","4877 Reviews","4.6","American"
"36",36,"Osteria Laura NYC",4.3,3.6,4.1,3.7,"$31 to $50","10 Reviews","4.1","Italian"
"37",37,"IL Carino Restaurant",4.4,4.3,4.2,4.5,"$31 to $50","122 Reviews","4.4","Italian"
"38",38,"Robert",4.4,4.7,4.3,4.5,"$31 to $50","6974 Reviews","4.6","Contemporary American"
"39",39,"5 Napkin Burger - Upper West Side",4.5,4.2,4.2,4.4,"$30 and under","1324 Reviews","4.6","American"
"41",41,"Vicolina",4.6,4.5,3.9,4.5,"$31 to $50","97 Reviews","4.6","Italian"
"42",42,"Regional",4.3,3.9,4.3,4.1,"$31 to $50","5 Reviews","4.1","Italian"
"43",43,"Aangan",4.3,4,4.3,4.2,"$30 and under","275 Reviews","4.4","Indian"
"44",44,"The Heights Bar & Grill",4.8,4.5,4.6,4.5,"$30 and under","3 Reviews","4.8","American"
"45",45,"Atlas Kitchen",4.2,4.6,4.2,4.2,"$30 and under","11 Reviews","4.2","Chinese"
"46",46,"Bosino",4.7,4.6,4.6,4.6,"$30 and under","3 Reviews","4.6","Italian"
"47",47,"The Ellington",4.4,4.4,4.4,4.6,"$30 and under","274 Reviews","4.5","American"
"48",48,"Shaking Crab - Upper West Side",4.7,4.2,4.4,4.5,"$30 and under","286 Reviews","4.6","Cajun"
"49",49,"Haru Hell's Kitchen",4.4,4,4,4.3,"$31 to $50","199 Reviews","4.4","Japanese"
"50",50,"Lucciola",4.4,4.5,4.2,4.4,"$31 to $50","400 Reviews","4.4","Italian"
"51",51,"Cafe Du Soleil",4.2,4.4,4.1,4.2,"$30 and under","905 Reviews","4.3","French"
"52",52,"Elea",4.7,4.5,4.2,4.5,"$50 and over","573 Reviews","4.7","Greek"
"53",53,"Nice Matin",4.4,4.3,4.2,4.5,"$31 to $50","2840 Reviews","4.5","French"
"54",54,"Serafina 105",4.3,4.2,4.1,4.4,"$30 and under","142 Reviews","4.4","Italian"
"55",55,"Bodrum Turkish Mediterranean",4.6,4.3,4.5,4.5,"$30 and under","988 Reviews","4.6","Turkish"
"56",56,"French Roast Uptown",4.4,4.4,4.2,4.4,"$31 to $50","223 Reviews","4.4","French American"
"57",57,"Sushi Nonaka",4.8,4.8,4.5,4.7,"$50 and over","110 Reviews","4.8","Sushi"
"58",58,"Trattoria iL Gusto Wine Bar",4.4,4.4,4.3,4.4,"$30 and under","199 Reviews","4.4","Italian"
"59",59,"La Sirene UWS",4.6,4.5,4.3,4.6,"$31 to $50","541 Reviews","4.7","French"
"60",60,"Le Monde",4.3,4.2,4,4.2,"$30 and under","295 Reviews","4.2","French"
"61",61,"Osteria 106",4.8,4.7,4.6,4.8,"$30 and under","323 Reviews","4.9","Italian"
"62",62,"The Leopard at des Artistes",4.6,4.8,4.2,4.7,"$50 and over","1980 Reviews","4.7","Italian"
"63",63,"Pappardella",4.5,4.4,4.3,4.4,"$31 to $50","1555 Reviews","4.5","Italian"
"64",64,"Island",4.4,4.4,4.1,4.5,"$31 to $50","356 Reviews","4.5","American"
"65",65,"The Milling Room",4.5,4.7,4.2,4.5,"$31 to $50","1816 Reviews","4.7","American"
"66",66,"The Consulate",4.3,4.4,3.9,4.4,"$31 to $50","139 Reviews","4.4","French American"
"67",67,"Orsay",4.5,4.5,4.1,4.5,"$50 and over","2493 Reviews","4.5","French"
"68",68,"Coppola's West",4.6,4.4,4.3,4.7,"$31 to $50","980 Reviews","4.6","Italian"
"69",69,"Sala Thai",4.8,4.6,4.6,4.7,"$30 and under","296 Reviews","4.8","Thai"
"70",70,"Lokal Mediterranean Kitchen",4.6,4.4,4.3,4.6,"$31 to $50","382 Reviews","4.6","Mediterranean"
"71",71,"Sojourn Restaurant",4.5,4.2,4.2,4.2,"$30 and under","1653 Reviews","4.5","Contemporary American"
"72",72,"Ousia",4.6,4.6,4.3,4.6,"$31 to $50","887 Reviews","4.6","Mediterranean"
"73",73,"Cafe Fiorello",4.5,4.3,4.1,4.4,"$31 to $50","7589 Reviews","4.5","Italian"
"74",74,"Ortomare Ristorante Pizzeria",4.7,4.5,4.7,4.7,"$30 and under","116 Reviews","4.7","Italian"
"75",75,"Haru Sushi - Amsterdam Ave",4.5,4.2,4.2,4.5,"$31 to $50","145 Reviews","4.6","Japanese"
"76",76,"Rosa Mexicano by Lincoln Center",4.3,4.3,4,4.3,"$31 to $50","7644 Reviews","4.4","Mexican"
"77",77,"Gardenia Terrace",4.4,4.4,4.3,4.3,"$30 and under","170 Reviews","4.6","Mediterranean"
"78",78,"Awadh",4.6,4,4.2,4.1,"$31 to $50","716 Reviews","4.4","Indian"
"79",79,"Cafe d'Alsace",4.6,4.5,4.3,4.6,"$31 to $50","2119 Reviews","4.6","French"
"80",80,"Sushi Kaito",4.9,4.7,4.6,4.9,"$50 and over","381 Reviews","4.9","Sushi"
"81",81,"Boilery Upper West Side",4.6,4.3,4.4,4.5,"$31 to $50","39 Reviews","4.6","Seafood"
"82",82,"Sandro's Restaurant",4.8,4.7,4.5,4.9,"$50 and over","358 Reviews","4.8","Italian"
"83",83,"BLT Prime",4.3,4.1,3.9,4.3,"Booked 0 times today","Booked 20 times today","Booked 0 times today","Booked 30 times today"
"84",84,"Blue Ribbon Sushi Bar & Grill",4.6,4.2,4.1,4.6,"$50 and over","28 Reviews","4.6","Sushi"
"85",85,"Porter House Bar and Grill",4.6,4.6,4.1,4.5,"$50 and over","4877 Reviews","4.6","American"
"86",86,"Osteria Laura NYC",4.3,3.6,4.1,3.7,"$31 to $50","10 Reviews","4.1","Italian"
"87",87,"IL Carino Restaurant",4.4,4.3,4.2,4.5,"$31 to $50","122 Reviews","4.4","Italian"
"88",88,"Robert",4.4,4.7,4.3,4.5,"$31 to $50","6974 Reviews","4.6","Contemporary American"
"89",89,"5 Napkin Burger - Upper West Side",4.5,4.2,4.2,4.4,"$30 and under","1324 Reviews","4.6","American"
"91",91,"Vicolina",4.6,4.5,3.9,4.5,"$31 to $50","97 Reviews","4.6","Italian"
"92",92,"Regional",4.3,3.9,4.3,4.1,"$31 to $50","5 Reviews","4.1","Italian"
"93",93,"Aangan",4.3,4,4.3,4.2,"$30 and under","275 Reviews","4.4","Indian"
"94",94,"The Heights Bar & Grill",4.8,4.5,4.6,4.5,"$30 and under","3 Reviews","4.8","American"
"95",95,"Atlas Kitchen",4.2,4.6,4.2,4.2,"$30 and under","11 Reviews","4.2","Chinese"
"96",96,"Bosino",4.7,4.6,4.6,4.6,"$30 and under","3 Reviews","4.6","Italian"
"97",97,"The Ellington",4.4,4.4,4.4,4.6,"$30 and under","274 Reviews","4.5","American"
"98",98,"Shaking Crab - Upper West Side",4.7,4.2,4.4,4.5,"$30 and under","286 Reviews","4.6","Cajun"
"99",99,"Haru Hell's Kitchen",4.4,4,4,4.3,"$31 to $50","199 Reviews","4.4","Japanese"
"100",100,"Lucciola",4.4,4.5,4.2,4.4,"$31 to $50","400 Reviews","4.4","Italian"
"101",101,"Marlow Bistro",4.3,4.5,4.1,4.1,"$30 and under","251 Reviews","4.4","Mediterranean"
"102",102,"Elea",4.7,4.5,4.2,4.5,"$50 and over","573 Reviews","4.7","Greek"
"103",103,"Nice Matin",4.4,4.3,4.2,4.5,"$31 to $50","2840 Reviews","4.5","French"
"104",104,"Serafina 105",4.3,4.2,4.1,4.4,"$30 and under","142 Reviews","4.4","Italian"
"105",105,"Bodrum Turkish Mediterranean",4.6,4.3,4.5,4.5,"$30 and under","988 Reviews","4.6","Turkish"
"106",106,"French Roast Uptown",4.4,4.4,4.2,4.4,"$31 to $50","223 Reviews","4.4","French American"
"107",107,"Sushi Nonaka",4.8,4.8,4.5,4.7,"$50 and over","110 Reviews","4.8","Sushi"
"108",108,"Trattoria iL Gusto Wine Bar",4.4,4.4,4.3,4.4,"$30 and under","199 Reviews","4.4","Italian"
"109",109,"La Sirene UWS",4.6,4.5,4.3,4.6,"$31 to $50","541 Reviews","4.7","French"
"110",110,"Le Monde",4.3,4.2,4,4.2,"$30 and under","295 Reviews","4.2","French"
"111",111,"Osteria 106",4.8,4.7,4.6,4.8,"$30 and under","323 Reviews","4.9","Italian"
"112",112,"The Leopard at des Artistes",4.6,4.8,4.2,4.7,"$50 and over","1980 Reviews","4.7","Italian"
"113",113,"Pappardella",4.5,4.4,4.3,4.4,"$31 to $50","1555 Reviews","4.5","Italian"
"114",114,"Island",4.4,4.4,4.1,4.5,"$31 to $50","356 Reviews","4.5","American"
"115",115,"The Milling Room",4.5,4.7,4.2,4.5,"$31 to $50","1816 Reviews","4.7","American"
"116",116,"The Consulate",4.3,4.4,3.9,4.4,"$31 to $50","139 Reviews","4.4","French American"
"117",117,"Orsay",4.5,4.5,4.1,4.5,"$50 and over","2493 Reviews","4.5","French"
"118",118,"Coppola's West",4.6,4.4,4.3,4.7,"$31 to $50","980 Reviews","4.6","Italian"
"119",119,"Sala Thai",4.8,4.6,4.6,4.7,"$30 and under","296 Reviews","4.8","Thai"
"120",120,"Lokal Mediterranean Kitchen",4.6,4.4,4.3,4.6,"$31 to $50","382 Reviews","4.6","Mediterranean"
"121",121,"Sojourn Restaurant",4.5,4.2,4.2,4.2,"$30 and under","1653 Reviews","4.5","Contemporary American"
"122",122,"Ousia",4.6,4.6,4.3,4.6,"$31 to $50","887 Reviews","4.6","Mediterranean"
"123",123,"Cafe Fiorello",4.5,4.3,4.1,4.4,"$31 to $50","7589 Reviews","4.5","Italian"
"124",124,"Ortomare Ristorante Pizzeria",4.7,4.5,4.7,4.7,"$30 and under","116 Reviews","4.7","Italian"
"125",125,"Haru Sushi - Amsterdam Ave",4.5,4.2,4.2,4.5,"$31 to $50","145 Reviews","4.6","Japanese"
"126",126,"Rosa Mexicano by Lincoln Center",4.3,4.3,4,4.3,"$31 to $50","7644 Reviews","4.4","Mexican"
"127",127,"Gardenia Terrace",4.4,4.4,4.3,4.3,"$30 and under","170 Reviews","4.6","Mediterranean"
"128",128,"Awadh",4.6,4,4.2,4.1,"$31 to $50","716 Reviews","4.4","Indian"
"129",129,"Cafe d'Alsace",4.6,4.5,4.3,4.6,"$31 to $50","2119 Reviews","4.6","French"
"130",130,"Sushi Kaito",4.9,4.7,4.6,4.9,"$50 and over","381 Reviews","4.9","Sushi"
"131",131,"Boilery Upper West Side",4.6,4.3,4.4,4.5,"$31 to $50","39 Reviews","4.6","Seafood"
"132",132,"Sandro's Restaurant",4.8,4.7,4.5,4.9,"$50 and over","358 Reviews","4.8","Italian"
"133",133,"BLT Prime",4.3,4.1,3.9,4.3,"Booked 0 times today","Booked 20 times today","Booked 0 times today","Booked 30 times today"
"134",134,"Blue Ribbon Sushi Bar & Grill",4.6,4.2,4.1,4.6,"$50 and over","28 Reviews","4.6","Sushi"
"135",135,"Porter House Bar and Grill",4.6,4.6,4.1,4.5,"$50 and over","4877 Reviews","4.6","American"
"136",136,"Osteria Laura NYC",4.3,3.6,4.1,3.7,"$31 to $50","10 Reviews","4.1","Italian"
"137",137,"IL Carino Restaurant",4.4,4.3,4.2,4.5,"$31 to $50","122 Reviews","4.4","Italian"
"138",138,"Robert",4.4,4.7,4.3,4.5,"$31 to $50","6974 Reviews","4.6","Contemporary American"
"139",139,"5 Napkin Burger - Upper West Side",4.5,4.2,4.2,4.4,"$30 and under","1324 Reviews","4.6","American"
"141",141,"Vicolina",4.6,4.5,3.9,4.5,"$31 to $50","97 Reviews","4.6","Italian"
"142",142,"Regional",4.3,3.9,4.3,4.1,"$31 to $50","5 Reviews","4.1","Italian"
"143",143,"Aangan",4.3,4,4.3,4.2,"$30 and under","275 Reviews","4.4","Indian"
"144",144,"The Heights Bar & Grill",4.8,4.5,4.6,4.5,"$30 and under","3 Reviews","4.8","American"
"145",145,"Atlas Kitchen",4.2,4.6,4.2,4.2,"$30 and under","11 Reviews","4.2","Chinese"
"146",146,"Bosino",4.7,4.6,4.6,4.6,"$30 and under","3 Reviews","4.6","Italian"
"147",147,"The Ellington",4.4,4.4,4.4,4.6,"$30 and under","274 Reviews","4.5","American"
"148",148,"Shaking Crab - Upper West Side",4.7,4.2,4.4,4.5,"$30 and under","286 Reviews","4.6","Cajun"
"149",149,"Haru Hell's Kitchen",4.4,4,4,4.3,"$31 to $50","199 Reviews","4.4","Japanese"
"150",150,"Lucciola",4.4,4.5,4.2,4.4,"$31 to $50","400 Reviews","4.4","Italian"
"151",151,"Marlow Bistro",4.3,4.5,4.1,4.1,"$30 and under","251 Reviews","4.4","Mediterranean"
"152",152,"Elea",4.7,4.5,4.2,4.5,"$50 and over","573 Reviews","4.7","Greek"
"153",153,"Nice Matin",4.4,4.3,4.2,4.5,"$31 to $50","2840 Reviews","4.5","French"
"154",154,"Serafina 105",4.3,4.2,4.1,4.4,"$30 and under","142 Reviews","4.4","Italian"
"155",155,"Bodrum Turkish Mediterranean",4.6,4.3,4.5,4.5,"$30 and under","988 Reviews","4.6","Turkish"
"156",156,"French Roast Uptown",4.4,4.4,4.2,4.4,"$31 to $50","223 Reviews","4.4","French American"
"157",157,"Sushi Nonaka",4.8,4.8,4.5,4.7,"$50 and over","110 Reviews","4.8","Sushi"
"158",158,"Trattoria iL Gusto Wine Bar",4.4,4.4,4.3,4.4,"$30 and under","199 Reviews","4.4","Italian"
"159",159,"La Sirene UWS",4.6,4.5,4.3,4.6,"$31 to $50","541 Reviews","4.7","French"
"160",160,"Le Monde",4.3,4.2,4,4.2,"$30 and under","295 Reviews","4.2","French"
"161",161,"Osteria 106",4.8,4.7,4.6,4.8,"$30 and under","323 Reviews","4.9","Italian"
"162",162,"The Leopard at des Artistes",4.6,4.8,4.2,4.7,"$50 and over","1980 Reviews","4.7","Italian"
"163",163,"Pappardella",4.5,4.4,4.3,4.4,"$31 to $50","1555 Reviews","4.5","Italian"
"164",164,"Island",4.4,4.4,4.1,4.5,"$31 to $50","356 Reviews","4.5","American"
"165",165,"The Milling Room",4.5,4.7,4.2,4.5,"$31 to $50","1816 Reviews","4.7","American"
"166",166,"The Consulate",4.3,4.4,3.9,4.4,"$31 to $50","139 Reviews","4.4","French American"
"167",167,"Orsay",4.5,4.5,4.1,4.5,"$50 and over","2493 Reviews","4.5","French"
"168",168,"Coppola's West",4.6,4.4,4.3,4.7,"$31 to $50","980 Reviews","4.6","Italian"
"169",169,"Sala Thai",4.8,4.6,4.6,4.7,"$30 and under","296 Reviews","4.8","Thai"
"170",170,"Lokal Mediterranean Kitchen",4.6,4.4,4.3,4.6,"$31 to $50","382 Reviews","4.6","Mediterranean"
"171",171,"Sojourn Restaurant",4.5,4.2,4.2,4.2,"$30 and under","1653 Reviews","4.5","Contemporary American"
"172",172,"Ousia",4.6,4.6,4.3,4.6,"$31 to $50","887 Reviews","4.6","Mediterranean"
"173",173,"Cafe Fiorello",4.5,4.3,4.1,4.4,"$31 to $50","7589 Reviews","4.5","Italian"
"174",174,"Ortomare Ristorante Pizzeria",4.7,4.5,4.7,4.7,"$30 and under","116 Reviews","4.7","Italian"
"175",175,"Haru Sushi - Amsterdam Ave",4.5,4.2,4.2,4.5,"$31 to $50","145 Reviews","4.6","Japanese"
"176",176,"Rosa Mexicano by Lincoln Center",4.3,4.3,4,4.3,"$31 to $50","7644 Reviews","4.4","Mexican"
"177",177,"Gardenia Terrace",4.4,4.4,4.3,4.3,"$30 and under","170 Reviews","4.6","Mediterranean"
"178",178,"Awadh",4.6,4,4.2,4.1,"$31 to $50","716 Reviews","4.4","Indian"
"179",179,"Cafe d'Alsace",4.6,4.5,4.3,4.6,"$31 to $50","2119 Reviews","4.6","French"
"180",180,"Sushi Kaito",4.9,4.7,4.6,4.9,"$50 and over","381 Reviews","4.9","Sushi"
"181",181,"Boilery Upper West Side",4.6,4.3,4.4,4.5,"$31 to $50","39 Reviews","4.6","Seafood"
"182",182,"Sandro's Restaurant",4.8,4.7,4.5,4.9,"$50 and over","358 Reviews","4.8","Italian"
"183",183,"BLT Prime",4.3,4.1,3.9,4.3,"Booked 0 times today","Booked 21 times today","Booked 0 times today","Booked 30 times today"
"184",184,"Blue Ribbon Sushi Bar & Grill",4.6,4.2,4.1,4.6,"$50 and over","28 Reviews","4.6","Sushi"
"185",185,"Porter House Bar and Grill",4.6,4.6,4.1,4.5,"$50 and over","4877 Reviews","4.6","American"
"186",186,"Osteria Laura NYC",4.3,3.6,4.1,3.7,"$31 to $50","10 Reviews","4.1","Italian"
"187",187,"IL Carino Restaurant",4.4,4.3,4.2,4.5,"$31 to $50","122 Reviews","4.4","Italian"
"188",188,"Siena Cafe",4.4,4.4,4.3,4.2,"$30 and under","191 Reviews","4.4","Italian"
"189",189,"Robert",4.4,4.7,4.3,4.5,"$31 to $50","6974 Reviews","4.6","Contemporary American"
"190",190,"5 Napkin Burger - Upper West Side",4.5,4.2,4.2,4.4,"$30 and under","1324 Reviews","4.6","American"
"192",192,"Vicolina",4.6,4.5,3.9,4.5,"$31 to $50","97 Reviews","4.6","Italian"
"193",193,"Regional",4.3,3.9,4.3,4.1,"$31 to $50","5 Reviews","4.1","Italian"
"194",194,"Aangan",4.3,4,4.3,4.2,"$30 and under","275 Reviews","4.4","Indian"
"195",195,"The Heights Bar & Grill",4.8,4.5,4.6,4.5,"$30 and under","3 Reviews","4.8","American"
"196",196,"Atlas Kitchen",4.2,4.6,4.2,4.2,"$30 and under","11 Reviews","4.2","Chinese"
"197",197,"Bosino",4.7,4.6,4.6,4.6,"$30 and under","3 Reviews","4.6","Italian"
"198",198,"The Ellington",4.4,4.4,4.4,4.6,"$30 and under","274 Reviews","4.5","American"
"199",199,"Shaking Crab - Upper West Side",4.7,4.2,4.4,4.5,"$30 and under","286 Reviews","4.6","Cajun"
"200",200,"Haru Hell's Kitchen",4.4,4,4,4.3,"$31 to $50","199 Reviews","4.4","Japanese"
"201",201,"Lucciola",4.4,4.5,4.2,4.4,"$31 to $50","400 Reviews","4.4","Italian"
"202",202,"Marlow Bistro",4.3,4.5,4.1,4.1,"$30 and under","251 Reviews","4.4","Mediterranean"
"203",203,"Elea",4.7,4.5,4.2,4.5,"$50 and over","573 Reviews","4.7","Greek"
"204",204,"Nice Matin",4.4,4.3,4.2,4.5,"$31 to $50","2840 Reviews","4.5","French"
"205",205,"Serafina 105",4.3,4.2,4.1,4.4,"$30 and under","142 Reviews","4.4","Italian"
"206",206,"Bodrum Turkish Mediterranean",4.6,4.3,4.5,4.5,"$30 and under","988 Reviews","4.6","Turkish"
"207",207,"French Roast Uptown",4.4,4.4,4.2,4.4,"$31 to $50","223 Reviews","4.4","French American"
"208",208,"Sushi Nonaka",4.8,4.8,4.5,4.7,"$50 and over","110 Reviews","4.8","Sushi"
"209",209,"Trattoria iL Gusto Wine Bar",4.4,4.4,4.3,4.4,"$30 and under","199 Reviews","4.4","Italian"
"210",210,"La Sirene UWS",4.6,4.5,4.3,4.6,"$31 to $50","541 Reviews","4.7","French"
"211",211,"Le Monde",4.3,4.2,4,4.2,"$30 and under","295 Reviews","4.2","French"
"212",212,"Osteria 106",4.8,4.7,4.6,4.8,"$30 and under","323 Reviews","4.9","Italian"
"213",213,"The Leopard at des Artistes",4.6,4.8,4.2,4.7,"$50 and over","1980 Reviews","4.7","Italian"
"214",214,"Pappardella",4.5,4.4,4.3,4.4,"$31 to $50","1555 Reviews","4.5","Italian"
"215",215,"Island",4.4,4.4,4.1,4.5,"$31 to $50","356 Reviews","4.5","American"
"216",216,"The Milling Room",4.5,4.7,4.2,4.5,"$31 to $50","1816 Reviews","4.7","American"
"217",217,"The Consulate",4.3,4.4,3.9,4.4,"$31 to $50","139 Reviews","4.4","French American"
"218",218,"Orsay",4.5,4.5,4.1,4.5,"$50 and over","2493 Reviews","4.5","French"
"219",219,"Coppola's West",4.6,4.4,4.3,4.7,"$31 to $50","980 Reviews","4.6","Italian"
"220",220,"Sala Thai",4.8,4.6,4.6,4.7,"$30 and under","296 Reviews","4.8","Thai"
"221",221,"Lokal Mediterranean Kitchen",4.6,4.4,4.3,4.6,"$31 to $50","382 Reviews","4.6","Mediterranean"
"222",222,"Sojourn Restaurant",4.5,4.2,4.2,4.2,"$30 and under","1653 Reviews","4.5","Contemporary American"
"223",223,"Ousia",4.6,4.6,4.3,4.6,"$31 to $50","887 Reviews","4.6","Mediterranean"
"224",224,"Cafe Fiorello",4.5,4.3,4.1,4.4,"$31 to $50","7589 Reviews","4.5","Italian"
"225",225,"Ortomare Ristorante Pizzeria",4.7,4.5,4.7,4.7,"$30 and under","116 Reviews","4.7","Italian"
"226",226,"Haru Sushi - Amsterdam Ave",4.5,4.2,4.2,4.5,"$31 to $50","145 Reviews","4.6","Japanese"
"227",227,"Rosa Mexicano by Lincoln Center",4.3,4.3,4,4.3,"$31 to $50","7644 Reviews","4.4","Mexican"
"228",228,"Gardenia Terrace",4.4,4.4,4.3,4.3,"$30 and under","170 Reviews","4.6","Mediterranean"
"229",229,"Awadh",4.6,4,4.2,4.1,"$31 to $50","716 Reviews","4.4","Indian"
"230",230,"Cafe d'Alsace",4.6,4.5,4.3,4.6,"$31 to $50","2119 Reviews","4.6","French"
"231",231,"Sushi Kaito",4.9,4.7,4.6,4.9,"$50 and over","381 Reviews","4.9","Sushi"
"232",232,"Boilery Upper West Side",4.6,4.3,4.4,4.5,"$31 to $50","39 Reviews","4.6","Seafood"
"233",233,"Sandro's Restaurant",4.8,4.7,4.5,4.9,"$50 and over","358 Reviews","4.8","Italian"
"234",234,"BLT Prime",4.3,4.1,3.9,4.3,"Booked 0 times today","Booked 20 times today","Booked 0 times today","Booked 30 times today"
"235",235,"Blue Ribbon Sushi Bar & Grill",4.6,4.2,4.1,4.6,"$50 and over","28 Reviews","4.6","Sushi"
"236",236,"Porter House Bar and Grill",4.6,4.6,4.1,4.5,"$50 and over","4877 Reviews","4.6","American"
"237",237,"Osteria Laura NYC",4.3,3.6,4.1,3.7,"$31 to $50","10 Reviews","4.1","Italian"
"238",238,"IL Carino Restaurant",4.4,4.3,4.2,4.5,"$31 to $50","122 Reviews","4.4","Italian"
"239",239,"Siena Cafe",4.4,4.4,4.3,4.2,"$30 and under","191 Reviews","4.4","Italian"
"240",240,"Robert",4.4,4.7,4.3,4.5,"$31 to $50","6974 Reviews","4.6","Contemporary American"
"241",241,"5 Napkin Burger - Upper West Side",4.5,4.2,4.2,4.4,"$30 and under","1324 Reviews","4.6","American"
"243",243,"Vicolina",4.6,4.5,3.9,4.5,"$31 to $50","97 Reviews","4.6","Italian"
"244",244,"Regional",4.3,3.9,4.3,4.1,"$31 to $50","5 Reviews","4.1","Italian"
"245",245,"Aangan",4.3,4,4.3,4.2,"$30 and under","275 Reviews","4.4","Indian"
"246",246,"The Heights Bar & Grill",4.8,4.5,4.6,4.5,"$30 and under","3 Reviews","4.8","American"
"247",247,"Atlas Kitchen",4.2,4.6,4.2,4.2,"$30 and under","11 Reviews","4.2","Chinese"
"248",248,"Bosino",4.7,4.6,4.6,4.6,"$30 and under","3 Reviews","4.6","Italian"
"249",249,"The Ellington",4.4,4.4,4.4,4.6,"$30 and under","274 Reviews","4.5","American"
"250",250,"Shaking Crab - Upper West Side",4.7,4.2,4.4,4.5,"$30 and under","286 Reviews","4.6","Cajun"
"251",251,"Haru Hell's Kitchen",4.4,4,4,4.3,"$31 to $50","199 Reviews","4.4","Japanese"
"252",252,"Lucciola",4.4,4.5,4.2,4.4,"$31 to $50","400 Reviews","4.4","Italian"
"253",253,"Marlow Bistro",4.3,4.5,4.1,4.1,"$30 and under","251 Reviews","4.4","Mediterranean"
"254",254,"Elea",4.7,4.5,4.2,4.5,"$50 and over","573 Reviews","4.7","Greek"
"255",255,"Nice Matin",4.4,4.3,4.2,4.5,"$31 to $50","2840 Reviews","4.5","French"
"256",256,"Serafina 105",4.3,4.2,4.1,4.4,"$30 and under","142 Reviews","4.4","Italian"
"257",257,"Bodrum Turkish Mediterranean",4.6,4.3,4.5,4.5,"$30 and under","988 Reviews","4.6","Turkish"
"258",258,"French Roast Uptown",4.4,4.4,4.2,4.4,"$31 to $50","223 Reviews","4.4","French American"
"259",259,"Sushi Nonaka",4.8,4.8,4.5,4.7,"$50 and over","110 Reviews","4.8","Sushi"
"260",260,"Trattoria iL Gusto Wine Bar",4.4,4.4,4.3,4.4,"$30 and under","199 Reviews","4.4","Italian"
"261",261,"La Sirene UWS",4.6,4.5,4.3,4.6,"$31 to $50","541 Reviews","4.7","French"
"262",262,"Le Monde",4.3,4.2,4,4.2,"$30 and under","295 Reviews","4.2","French"
"263",263,"Osteria 106",4.8,4.7,4.6,4.8,"$30 and under","323 Reviews","4.9","Italian"
"264",264,"The Leopard at des Artistes",4.6,4.8,4.2,4.7,"$50 and over","1980 Reviews","4.7","Italian"
"265",265,"Pappardella",4.5,4.4,4.3,4.4,"$31 to $50","1555 Reviews","4.5","Italian"
"266",266,"Island",4.4,4.4,4.1,4.5,"$31 to $50","356 Reviews","4.5","American"
"267",267,"The Milling Room",4.5,4.7,4.2,4.5,"$31 to $50","1816 Reviews","4.7","American"
"268",268,"The Consulate",4.3,4.4,3.9,4.4,"$31 to $50","139 Reviews","4.4","French American"
"269",269,"Orsay",4.5,4.5,4.1,4.5,"$50 and over","2493 Reviews","4.5","French"
"270",270,"Coppola's West",4.6,4.4,4.3,4.7,"$31 to $50","980 Reviews","4.6","Italian"
"271",271,"Sala Thai",4.8,4.6,4.6,4.7,"$30 and under","296 Reviews","4.8","Thai"
"272",272,"Lokal Mediterranean Kitchen",4.6,4.4,4.3,4.6,"$31 to $50","382 Reviews","4.6","Mediterranean"
"273",273,"Sojourn Restaurant",4.5,4.2,4.2,4.2,"$30 and under","1653 Reviews","4.5","Contemporary American"
"274",274,"Ousia",4.6,4.6,4.3,4.6,"$31 to $50","887 Reviews","4.6","Mediterranean"
"275",275,"Cafe Fiorello",4.5,4.3,4.1,4.4,"$31 to $50","7589 Reviews","4.5","Italian"
"276",276,"Ortomare Ristorante Pizzeria",4.7,4.5,4.7,4.7,"$30 and under","116 Reviews","4.7","Italian"
"277",277,"Haru Sushi - Amsterdam Ave",4.5,4.2,4.2,4.5,"$31 to $50","145 Reviews","4.6","Japanese"
"278",278,"Rosa Mexicano by Lincoln Center",4.3,4.3,4,4.3,"$31 to $50","7644 Reviews","4.4","Mexican"
"279",279,"Gardenia Terrace",4.4,4.4,4.3,4.3,"$30 and under","170 Reviews","4.6","Mediterranean"
"280",280,"Awadh",4.6,4,4.2,4.1,"$31 to $50","716 Reviews","4.4","Indian"
"281",281,"Cafe d'Alsace",4.6,4.5,4.3,4.6,"$31 to $50","2119 Reviews","4.6","French"
"282",282,"Sushi Kaito",4.9,4.7,4.6,4.9,"$50 and over","381 Reviews","4.9","Sushi"
"283",283,"Boilery Upper West Side",4.6,4.3,4.4,4.5,"$31 to $50","39 Reviews","4.6","Seafood"
"284",284,"Sandro's Restaurant",4.8,4.7,4.5,4.9,"$50 and over","358 Reviews","4.8","Italian"
"285",285,"BLT Prime",4.3,4.1,3.9,4.3,"Booked 0 times today","Booked 24 times today","Booked 0 times today","Booked 31 times today"
"286",286,"Blue Ribbon Sushi Bar & Grill",4.6,4.2,4.1,4.6,"$50 and over","28 Reviews","4.6","Sushi"
"287",287,"Porter House Bar and Grill",4.6,4.6,4.1,4.5,"$50 and over","4877 Reviews","4.6","American"
"288",288,"Osteria Laura NYC",4.3,3.6,4.1,3.7,"$31 to $50","10 Reviews","4.1","Italian"
"289",289,"IL Carino Restaurant",4.4,4.3,4.2,4.5,"$31 to $50","122 Reviews","4.4","Italian"
"290",290,"Siena Cafe",4.4,4.4,4.3,4.2,"$30 and under","191 Reviews","4.4","Italian"
"291",291,"Robert",4.4,4.7,4.3,4.5,"$31 to $50","6974 Reviews","4.6","Contemporary American"
"292",292,"5 Napkin Burger - Upper West Side",4.5,4.2,4.2,4.4,"$30 and under","1324 Reviews","4.6","American"
"294",294,"Vicolina",4.6,4.5,3.9,4.5,"$31 to $50","97 Reviews","4.6","Italian"
"295",295,"Regional",4.3,3.9,4.3,4.1,"$31 to $50","5 Reviews","4.1","Italian"
"296",296,"Aangan",4.3,4,4.3,4.2,"$30 and under","275 Reviews","4.4","Indian"
"297",297,"The Heights Bar & Grill",4.8,4.5,4.6,4.5,"$30 and under","3 Reviews","4.8","American"
"298",298,"Atlas Kitchen",4.2,4.6,4.2,4.2,"$30 and under","11 Reviews","4.2","Chinese"
"299",299,"Bosino",4.7,4.6,4.6,4.6,"$30 and under","3 Reviews","4.6","Italian"
"300",300,"The Ellington",4.4,4.4,4.4,4.6,"$30 and under","274 Reviews","4.5","American"
"301",301,"Shaking Crab - Upper West Side",4.7,4.2,4.4,4.5,"$30 and under","286 Reviews","4.6","Cajun"
"302",302,"Haru Hell's Kitchen",4.4,4,4,4.3,"$31 to $50","199 Reviews","4.4","Japanese"
"303",303,"Lucciola",4.4,4.5,4.2,4.4,"$31 to $50","400 Reviews","4.4","Italian"
"304",304,"Marlow Bistro",4.3,4.5,4.1,4.1,"$30 and under","251 Reviews","4.4","Mediterranean"
"305",305,"Elea",4.7,4.5,4.2,4.5,"$50 and over","573 Reviews","4.7","Greek"
"306",306,"Nice Matin",4.4,4.3,4.2,4.5,"$31 to $50","2840 Reviews","4.5","French"
"307",307,"Serafina 105",4.3,4.2,4.1,4.4,"$30 and under","142 Reviews","4.4","Italian"
"308",308,"Bodrum Turkish Mediterranean",4.6,4.3,4.5,4.5,"$30 and under","988 Reviews","4.6","Turkish"
"309",309,"French Roast Uptown",4.4,4.4,4.2,4.4,"$31 to $50","223 Reviews","4.4","French American"
"310",310,"Sushi Nonaka",4.8,4.8,4.5,4.7,"$50 and over","110 Reviews","4.8","Sushi"
"311",311,"Trattoria iL Gusto Wine Bar",4.4,4.4,4.3,4.4,"$30 and under","199 Reviews","4.4","Italian"
"312",312,"La Sirene UWS",4.6,4.5,4.3,4.6,"$31 to $50","541 Reviews","4.7","French"
"313",313,"Le Monde",4.3,4.2,4,4.2,"$30 and under","295 Reviews","4.2","French"
"314",314,"Osteria 106",4.8,4.7,4.6,4.8,"$30 and under","323 Reviews","4.9","Italian"
"315",315,"The Leopard at des Artistes",4.6,4.8,4.2,4.7,"$50 and over","1980 Reviews","4.7","Italian"
"316",316,"Pappardella",4.5,4.4,4.3,4.4,"$31 to $50","1555 Reviews","4.5","Italian"
"317",317,"Island",4.4,4.4,4.1,4.5,"$31 to $50","356 Reviews","4.5","American"
"318",318,"The Milling Room",4.5,4.7,4.2,4.5,"$31 to $50","1816 Reviews","4.7","American"
"319",319,"The Consulate",4.3,4.4,3.9,4.4,"$31 to $50","139 Reviews","4.4","French American"
"320",320,"Orsay",4.5,4.5,4.1,4.5,"$50 and over","2493 Reviews","4.5","French"
"321",321,"Coppola's West",4.6,4.4,4.3,4.7,"$31 to $50","980 Reviews","4.6","Italian"
"322",322,"Sala Thai",4.8,4.6,4.6,4.7,"$30 and under","296 Reviews","4.8","Thai"
"323",323,"Lokal Mediterranean Kitchen",4.6,4.4,4.3,4.6,"$31 to $50","382 Reviews","4.6","Mediterranean"
"324",324,"Sojourn Restaurant",4.5,4.2,4.2,4.2,"$30 and under","1653 Reviews","4.5","Contemporary American"
"325",325,"Ousia",4.6,4.6,4.3,4.6,"$31 to $50","887 Reviews","4.6","Mediterranean"
"326",326,"Cafe Fiorello",4.5,4.3,4.1,4.4,"$31 to $50","7589 Reviews","4.5","Italian"
"327",327,"Ortomare Ristorante Pizzeria",4.7,4.5,4.7,4.7,"$30 and under","116 Reviews","4.7","Italian"
"328",328,"Haru Sushi - Amsterdam Ave",4.5,4.2,4.2,4.5,"$31 to $50","145 Reviews","4.6","Japanese"
"329",329,"Rosa Mexicano by Lincoln Center",4.3,4.3,4,4.3,"$31 to $50","7644 Reviews","4.4","Mexican"
"330",330,"Gardenia Terrace",4.4,4.4,4.3,4.3,"$30 and under","170 Reviews","4.6","Mediterranean"
"331",331,"Awadh",4.6,4,4.2,4.1,"$31 to $50","716 Reviews","4.4","Indian"
"332",332,"Cafe d'Alsace",4.6,4.5,4.3,4.6,"$31 to $50","2119 Reviews","4.6","French"
"333",333,"Sushi Kaito",4.9,4.7,4.6,4.9,"$50 and over","381 Reviews","4.9","Sushi"
"334",334,"Boilery Upper West Side",4.6,4.3,4.4,4.5,"$31 to $50","39 Reviews","4.6","Seafood"
"335",335,"Sandro's Restaurant",4.8,4.7,4.5,4.9,"$50 and over","358 Reviews","4.8","Italian"
"336",336,"BLT Prime",4.3,4.1,3.9,4.3,"Booked 0 times today","Booked 20 times today","Booked 0 times today","Booked 31 times today"
"337",337,"Blue Ribbon Sushi Bar & Grill",4.6,4.2,4.1,4.6,"$50 and over","28 Reviews","4.6","Sushi"
"338",338,"Porter House Bar and Grill",4.6,4.6,4.1,4.5,"$50 and over","4877 Reviews","4.6","American"
"339",339,"Osteria Laura NYC",4.3,3.6,4.1,3.7,"$31 to $50","10 Reviews","4.1","Italian"
"340",340,"IL Carino Restaurant",4.4,4.3,4.2,4.5,"$31 to $50","122 Reviews","4.4","Italian"
"341",341,"Siena Cafe",4.4,4.4,4.3,4.2,"$30 and under","191 Reviews","4.4","Italian"
"342",342,"Robert",4.4,4.7,4.3,4.5,"$31 to $50","6974 Reviews","4.6","Contemporary American"
"343",343,"5 Napkin Burger - Upper West Side",4.5,4.2,4.2,4.4,"$30 and under","1324 Reviews","4.6","American"
"345",345,"Vicolina",4.6,4.5,3.9,4.5,"$31 to $50","97 Reviews","4.6","Italian"
"346",346,"Regional",4.3,3.9,4.3,4.1,"$31 to $50","5 Reviews","4.1","Italian"
"347",347,"Aangan",4.3,4,4.3,4.2,"$30 and under","275 Reviews","4.4","Indian"
"348",348,"The Heights Bar & Grill",4.8,4.5,4.6,4.5,"$30 and under","3 Reviews","4.8","American"
"349",349,"Atlas Kitchen",4.2,4.6,4.2,4.2,"$30 and under","11 Reviews","4.2","Chinese"
"350",350,"Bosino",4.7,4.6,4.6,4.6,"$30 and under","3 Reviews","4.6","Italian"
"351",351,"The Ellington",4.4,4.4,4.4,4.6,"$30 and under","274 Reviews","4.5","American"
"352",352,"Shaking Crab - Upper West Side",4.7,4.2,4.4,4.5,"$30 and under","286 Reviews","4.6","Cajun"
"353",353,"Haru Hell's Kitchen",4.4,4,4,4.3,"$31 to $50","199 Reviews","4.4","Japanese"
"354",354,"Lucciola",4.4,4.5,4.2,4.4,"$31 to $50","400 Reviews","4.4","Italian"
"355",355,"Marlow Bistro",4.3,4.5,4.1,4.1,"$30 and under","251 Reviews","4.4","Mediterranean"
"356",356,"New Amsterdam Burger and Bar",4.6,4.4,4,4.6,"$31 to $50","44 Reviews","4.6","American"
"357",357,"Nice Matin",4.4,4.3,4.2,4.5,"$31 to $50","2840 Reviews","4.5","French"
"358",358,"Serafina 105",4.3,4.2,4.1,4.4,"$30 and under","142 Reviews","4.4","Italian"
"359",359,"Bodrum Turkish Mediterranean",4.6,4.3,4.5,4.5,"$30 and under","988 Reviews","4.6","Turkish"
"360",360,"French Roast Uptown",4.4,4.4,4.2,4.4,"$31 to $50","223 Reviews","4.4","French American"
"361",361,"Sushi Nonaka",4.8,4.8,4.5,4.7,"$50 and over","110 Reviews","4.8","Sushi"
"362",362,"Trattoria iL Gusto Wine Bar",4.4,4.4,4.3,4.4,"$30 and under","199 Reviews","4.4","Italian"
"363",363,"La Sirene UWS",4.6,4.5,4.3,4.6,"$31 to $50","541 Reviews","4.7","French"
"364",364,"Le Monde",4.3,4.2,4,4.2,"$30 and under","295 Reviews","4.2","French"
"365",365,"Osteria 106",4.8,4.7,4.6,4.8,"$30 and under","323 Reviews","4.9","Italian"
"366",366,"The Leopard at des Artistes",4.6,4.8,4.2,4.7,"$50 and over","1980 Reviews","4.7","Italian"
"367",367,"Pappardella",4.5,4.4,4.3,4.4,"$31 to $50","1555 Reviews","4.5","Italian"
"368",368,"Island",4.4,4.4,4.1,4.5,"$31 to $50","356 Reviews","4.5","American"
"369",369,"The Milling Room",4.5,4.7,4.2,4.5,"$31 to $50","1816 Reviews","4.7","American"
"370",370,"The Consulate",4.3,4.4,3.9,4.4,"$31 to $50","139 Reviews","4.4","French American"
"371",371,"Orsay",4.5,4.5,4.1,4.5,"$50 and over","2493 Reviews","4.5","French"
"372",372,"Coppola's West",4.6,4.4,4.3,4.7,"$31 to $50","980 Reviews","4.6","Italian"
"373",373,"Sala Thai",4.8,4.6,4.6,4.7,"$30 and under","296 Reviews","4.8","Thai"
"374",374,"Lokal Mediterranean Kitchen",4.6,4.4,4.3,4.6,"$31 to $50","382 Reviews","4.6","Mediterranean"
"375",375,"Sojourn Restaurant",4.5,4.2,4.2,4.2,"$30 and under","1653 Reviews","4.5","Contemporary American"
"376",376,"Ousia",4.6,4.6,4.3,4.6,"$31 to $50","887 Reviews","4.6","Mediterranean"
"377",377,"Cafe Fiorello",4.5,4.3,4.1,4.4,"$31 to $50","7589 Reviews","4.5","Italian"
"378",378,"Ortomare Ristorante Pizzeria",4.7,4.5,4.7,4.7,"$30 and under","116 Reviews","4.7","Italian"
"379",379,"Haru Sushi - Amsterdam Ave",4.5,4.2,4.2,4.5,"$31 to $50","145 Reviews","4.6","Japanese"
"380",380,"Rosa Mexicano by Lincoln Center",4.3,4.3,4,4.3,"$31 to $50","7644 Reviews","4.4","Mexican"
"381",381,"Gardenia Terrace",4.4,4.4,4.3,4.3,"$30 and under","170 Reviews","4.6","Mediterranean"
"382",382,"Awadh",4.6,4,4.2,4.1,"$31 to $50","716 Reviews","4.4","Indian"
"383",383,"Cafe d'Alsace",4.6,4.5,4.3,4.6,"$31 to $50","2119 Reviews","4.6","French"
"384",384,"Sushi Kaito",4.9,4.7,4.6,4.9,"$50 and over","381 Reviews","4.9","Sushi"
"385",385,"Boilery Upper West Side",4.6,4.3,4.4,4.5,"$31 to $50","39 Reviews","4.6","Seafood"
"386",386,"Sandro's Restaurant",4.8,4.7,4.5,4.9,"$50 and over","358 Reviews","4.8","Italian"
"387",387,"BLT Prime",4.3,4.1,3.9,4.3,"Booked 0 times today","Booked 20 times today","Booked 0 times today","Booked 31 times today"
"388",388,"Blue Ribbon Sushi Bar & Grill",4.6,4.2,4.1,4.6,"$50 and over","28 Reviews","4.6","Sushi"
"389",389,"Porter House Bar and Grill",4.6,4.6,4.1,4.5,"$50 and over","4877 Reviews","4.6","American"
"390",390,"Osteria Laura NYC",4.3,3.6,4.1,3.7,"$31 to $50","10 Reviews","4.1","Italian"
"391",391,"IL Carino Restaurant",4.4,4.3,4.2,4.5,"$31 to $50","122 Reviews","4.4","Italian"
"392",392,"Siena Cafe",4.4,4.4,4.3,4.2,"$30 and under","191 Reviews","4.4","Italian"
"393",393,"San Matteo Pizzeria e Cucina",4.6,4.2,4.3,4.4,"$30 and under","182 Reviews","4.6","Pizzeria"
"394",394,"Robert",4.4,4.7,4.3,4.5,"$31 to $50","6974 Reviews","4.6","Contemporary American"
"395",395,"5 Napkin Burger - Upper West Side",4.5,4.2,4.2,4.4,"$30 and under","1324 Reviews","4.6","American"
"397",397,"Vicolina",4.6,4.5,3.9,4.5,"$31 to $50","97 Reviews","4.6","Italian"
"398",398,"Regional",4.3,3.9,4.3,4.1,"$31 to $50","5 Reviews","4.1","Italian"
"399",399,"Aangan",4.3,4,4.3,4.2,"$30 and under","275 Reviews","4.4","Indian"
"400",400,"The Heights Bar & Grill",4.8,4.5,4.6,4.5,"$30 and under","3 Reviews","4.8","American"
"401",401,"Atlas Kitchen",4.2,4.6,4.2,4.2,"$30 and under","11 Reviews","4.2","Chinese"
"402",402,"Bosino",4.7,4.6,4.6,4.6,"$30 and under","3 Reviews","4.6","Italian"
"403",403,"The Ellington",4.4,4.4,4.4,4.6,"$30 and under","274 Reviews","4.5","American"
"404",404,"Shaking Crab - Upper West Side",4.7,4.2,4.4,4.5,"$30 and under","286 Reviews","4.6","Cajun"
"405",405,"Haru Hell's Kitchen",4.4,4,4,4.3,"$31 to $50","199 Reviews","4.4","Japanese"
"406",406,"Lucciola",4.4,4.5,4.2,4.4,"$31 to $50","400 Reviews","4.4","Italian"
"407",407,"Marlow Bistro",4.3,4.5,4.1,4.1,"$30 and under","251 Reviews","4.4","Mediterranean"
"408",408,"New Amsterdam Burger and Bar",4.6,4.4,4,4.6,"$31 to $50","44 Reviews","4.6","American"
"409",409,"Serafina 105",4.3,4.2,4.1,4.4,"$30 and under","142 Reviews","4.4","Italian"
"410",410,"Bodrum Turkish Mediterranean",4.6,4.3,4.5,4.5,"$30 and under","988 Reviews","4.6","Turkish"
"411",411,"French Roast Uptown",4.4,4.4,4.2,4.4,"$31 to $50","223 Reviews","4.4","French American"
"412",412,"Sushi Nonaka",4.8,4.8,4.5,4.7,"$50 and over","110 Reviews","4.8","Sushi"
"413",413,"Trattoria iL Gusto Wine Bar",4.4,4.4,4.3,4.4,"$30 and under","199 Reviews","4.4","Italian"
"414",414,"La Sirene UWS",4.6,4.5,4.3,4.6,"$31 to $50","541 Reviews","4.7","French"
"415",415,"Le Monde",4.3,4.2,4,4.2,"$30 and under","295 Reviews","4.2","French"
"416",416,"Osteria 106",4.8,4.7,4.6,4.8,"$30 and under","323 Reviews","4.9","Italian"
"417",417,"The Leopard at des Artistes",4.6,4.8,4.2,4.7,"$50 and over","1980 Reviews","4.7","Italian"
"418",418,"Pappardella",4.5,4.4,4.3,4.4,"$31 to $50","1555 Reviews","4.5","Italian"
"419",419,"Island",4.4,4.4,4.1,4.5,"$31 to $50","356 Reviews","4.5","American"
"420",420,"The Milling Room",4.5,4.7,4.2,4.5,"$31 to $50","1816 Reviews","4.7","American"
"421",421,"The Consulate",4.3,4.4,3.9,4.4,"$31 to $50","139 Reviews","4.4","French American"
"422",422,"Orsay",4.5,4.5,4.1,4.5,"$50 and over","2493 Reviews","4.5","French"
"423",423,"Coppola's West",4.6,4.4,4.3,4.7,"$31 to $50","980 Reviews","4.6","Italian"
"425",425,"Sala Thai",4.8,4.6,4.6,4.7,"$30 and under","296 Reviews","4.8","Thai"
"426",426,"Lokal Mediterranean Kitchen",4.6,4.4,4.3,4.6,"$31 to $50","382 Reviews","4.6","Mediterranean"
"427",427,"Sojourn Restaurant",4.5,4.2,4.2,4.2,"$30 and under","1653 Reviews","4.5","Contemporary American"
"428",428,"Ousia",4.6,4.6,4.3,4.6,"$31 to $50","887 Reviews","4.6","Mediterranean"
"429",429,"Cafe Fiorello",4.5,4.3,4.1,4.4,"$31 to $50","7589 Reviews","4.5","Italian"
"430",430,"Ortomare Ristorante Pizzeria",4.7,4.5,4.7,4.7,"$30 and under","116 Reviews","4.7","Italian"
"431",431,"Haru Sushi - Amsterdam Ave",4.5,4.2,4.2,4.5,"$31 to $50","145 Reviews","4.6","Japanese"
"432",432,"Rosa Mexicano by Lincoln Center",4.3,4.3,4,4.3,"$31 to $50","7644 Reviews","4.4","Mexican"
"433",433,"Gardenia Terrace",4.4,4.4,4.3,4.3,"$30 and under","170 Reviews","4.6","Mediterranean"
"434",434,"Awadh",4.6,4,4.2,4.1,"$31 to $50","716 Reviews","4.4","Indian"
"435",435,"Cafe d'Alsace",4.6,4.5,4.3,4.6,"$31 to $50","2119 Reviews","4.6","French"
"436",436,"Sushi Kaito",4.9,4.7,4.6,4.9,"$50 and over","381 Reviews","4.9","Sushi"
"437",437,"Boilery Upper West Side",4.6,4.3,4.4,4.5,"$31 to $50","39 Reviews","4.6","Seafood"
"438",438,"Sandro's Restaurant",4.8,4.7,4.5,4.9,"$50 and over","358 Reviews","4.8","Italian"
"439",439,"BLT Prime",4.3,4.1,3.9,4.3,"Booked 0 times today","Booked 20 times today","Booked 0 times today","Booked 31 times today"
"440",440,"Blue Ribbon Sushi Bar & Grill",4.6,4.2,4.1,4.6,"$50 and over","28 Reviews","4.6","Sushi"
"441",441,"Porter House Bar and Grill",4.6,4.6,4.1,4.5,"$50 and over","4877 Reviews","4.6","American"
"442",442,"Osteria Laura NYC",4.3,3.6,4.1,3.7,"$31 to $50","10 Reviews","4.1","Italian"
"443",443,"IL Carino Restaurant",4.4,4.3,4.2,4.5,"$31 to $50","122 Reviews","4.4","Italian"
"444",444,"Siena Cafe",4.4,4.4,4.3,4.2,"$30 and under","191 Reviews","4.4","Italian"
"445",445,"San Matteo Pizzeria e Cucina",4.6,4.2,4.3,4.4,"$30 and under","182 Reviews","4.6","Pizzeria"
"446",446,"Robert",4.4,4.7,4.3,4.5,"$31 to $50","6974 Reviews","4.6","Contemporary American"
"447",447,"5 Napkin Burger - Upper West Side",4.5,4.2,4.2,4.4,"$30 and under","1324 Reviews","4.6","American"
"448",448,"Vicolina",4.6,4.5,3.9,4.5,"$31 to $50","97 Reviews","4.6","Italian"
"449",449,"Regional",4.3,3.9,4.3,4.1,"$31 to $50","5 Reviews","4.1","Italian"
"450",450,"Aangan",4.3,4,4.3,4.2,"$30 and under","275 Reviews","4.4","Indian"
"451",451,"The Heights Bar & Grill",4.8,4.5,4.6,4.5,"$30 and under","3 Reviews","4.8","American"
"452",452,"Atlas Kitchen",4.2,4.6,4.2,4.2,"$30 and under","11 Reviews","4.2","Chinese"
"453",453,"Bosino",4.7,4.6,4.6,4.6,"$30 and under","3 Reviews","4.6","Italian"
"454",454,"The Ellington",4.4,4.4,4.4,4.6,"$30 and under","274 Reviews","4.5","American"
"455",455,"Shaking Crab - Upper West Side",4.7,4.2,4.4,4.5,"$30 and under","286 Reviews","4.6","Cajun"
"456",456,"Haru Hell's Kitchen",4.4,4,4,4.3,"$31 to $50","199 Reviews","4.4","Japanese"
"457",457,"Lucciola",4.4,4.5,4.2,4.4,"$31 to $50","400 Reviews","4.4","Italian"
"458",458,"Marlow Bistro",4.3,4.5,4.1,4.1,"$30 and under","251 Reviews","4.4","Mediterranean"
"459",459,"New Amsterdam Burger and Bar",4.6,4.4,4,4.6,"$31 to $50","44 Reviews","4.6","American"
"460",460,"Bodrum Turkish Mediterranean",4.6,4.3,4.5,4.5,"$30 and under","988 Reviews","4.6","Turkish"
"461",461,"French Roast Uptown",4.4,4.4,4.2,4.4,"$31 to $50","223 Reviews","4.4","French American"
"462",462,"Sushi Nonaka",4.8,4.8,4.5,4.7,"$50 and over","110 Reviews","4.8","Sushi"
"463",463,"Trattoria iL Gusto Wine Bar",4.4,4.4,4.3,4.4,"$30 and under","199 Reviews","4.4","Italian"
"464",464,"La Sirene UWS",4.6,4.5,4.3,4.6,"$31 to $50","541 Reviews","4.7","French"
"465",465,"Le Monde",4.3,4.2,4,4.2,"$30 and under","295 Reviews","4.2","French"
"466",466,"Osteria 106",4.8,4.7,4.6,4.8,"$30 and under","323 Reviews","4.9","Italian"
"467",467,"The Leopard at des Artistes",4.6,4.8,4.2,4.7,"$50 and over","1980 Reviews","4.7","Italian"
"468",468,"Pappardella",4.5,4.4,4.3,4.4,"$31 to $50","1555 Reviews","4.5","Italian"
"469",469,"Island",4.4,4.4,4.1,4.5,"$31 to $50","356 Reviews","4.5","American"
"470",470,"The Milling Room",4.5,4.7,4.2,4.5,"$31 to $50","1816 Reviews","4.7","American"
"471",471,"The Consulate",4.3,4.4,3.9,4.4,"$31 to $50","139 Reviews","4.4","French American"
"472",472,"Orsay",4.5,4.5,4.1,4.5,"$50 and over","2493 Reviews","4.5","French"
"473",473,"Coppola's West",4.6,4.4,4.3,4.7,"$31 to $50","980 Reviews","4.6","Italian"
"475",475,"Sala Thai",4.8,4.6,4.6,4.7,"$30 and under","296 Reviews","4.8","Thai"
"476",476,"Lokal Mediterranean Kitchen",4.6,4.4,4.3,4.6,"$31 to $50","382 Reviews","4.6","Mediterranean"
"477",477,"Sojourn Restaurant",4.5,4.2,4.2,4.2,"$30 and under","1653 Reviews","4.5","Contemporary American"
"478",478,"Ousia",4.6,4.6,4.3,4.6,"$31 to $50","887 Reviews","4.6","Mediterranean"
"479",479,"Cafe Fiorello",4.5,4.3,4.1,4.4,"$31 to $50","7589 Reviews","4.5","Italian"
"480",480,"Ortomare Ristorante Pizzeria",4.7,4.5,4.7,4.7,"$30 and under","116 Reviews","4.7","Italian"
"481",481,"Haru Sushi - Amsterdam Ave",4.5,4.2,4.2,4.5,"$31 to $50","145 Reviews","4.6","Japanese"
"482",482,"Rosa Mexicano by Lincoln Center",4.3,4.3,4,4.3,"$31 to $50","7644 Reviews","4.4","Mexican"
"483",483,"Gardenia Terrace",4.4,4.4,4.3,4.3,"$30 and under","170 Reviews","4.6","Mediterranean"
"484",484,"Awadh",4.6,4,4.2,4.1,"$31 to $50","716 Reviews","4.4","Indian"
"485",485,"Cafe d'Alsace",4.6,4.5,4.3,4.6,"$31 to $50","2119 Reviews","4.6","French"
"486",486,"Sushi Kaito",4.9,4.7,4.6,4.9,"$50 and over","381 Reviews","4.9","Sushi"
"487",487,"Boilery Upper West Side",4.6,4.3,4.4,4.5,"$31 to $50","39 Reviews","4.6","Seafood"
"488",488,"Sandro's Restaurant",4.8,4.7,4.5,4.9,"$50 and over","358 Reviews","4.8","Italian"
"489",489,"BLT Prime",4.3,4.1,3.9,4.3,"Booked 0 times today","Booked 22 times today","Booked 0 times today","Booked 31 times today"
"490",490,"Blue Ribbon Sushi Bar & Grill",4.6,4.2,4.1,4.6,"$50 and over","28 Reviews","4.6","Sushi"
"491",491,"Porter House Bar and Grill",4.6,4.6,4.1,4.5,"$50 and over","4877 Reviews","4.6","American"
"492",492,"Osteria Laura NYC",4.3,3.6,4.1,3.7,"$31 to $50","10 Reviews","4.1","Italian"
"493",493,"IL Carino Restaurant",4.4,4.3,4.2,4.5,"$31 to $50","122 Reviews","4.4","Italian"
"494",494,"Siena Cafe",4.4,4.4,4.3,4.2,"$30 and under","191 Reviews","4.4","Italian"
"495",495,"San Matteo Pizzeria e Cucina",4.6,4.2,4.3,4.4,"$30 and under","182 Reviews","4.6","Pizzeria"
"496",496,"Robert",4.4,4.7,4.3,4.5,"$31 to $50","6974 Reviews","4.6","Contemporary American"
"497",497,"5 Napkin Burger - Upper West Side",4.5,4.2,4.2,4.4,"$30 and under","1324 Reviews","4.6","American"
"498",498,"Vicolina",4.6,4.5,3.9,4.5,"$31 to $50","97 Reviews","4.6","Italian"
"499",499,"Regional",4.3,3.9,4.3,4.1,"$31 to $50","5 Reviews","4.1","Italian"
"500",500,"Aangan",4.3,4,4.3,4.2,"$30 and under","275 Reviews","4.4","Indian"
"501",501,"The Heights Bar & Grill",4.8,4.5,4.6,4.5,"$30 and under","3 Reviews","4.8","American"
"502",502,"Atlas Kitchen",4.2,4.6,4.2,4.2,"$30 and under","11 Reviews","4.2","Chinese"
"503",503,"Bosino",4.7,4.6,4.6,4.6,"$30 and under","3 Reviews","4.6","Italian"
"504",504,"The Ellington",4.4,4.4,4.4,4.6,"$30 and under","274 Reviews","4.5","American"
"505",505,"Shaking Crab - Upper West Side",4.7,4.2,4.4,4.5,"$30 and under","286 Reviews","4.6","Cajun"
"506",506,"Haru Hell's Kitchen",4.4,4,4,4.3,"$31 to $50","199 Reviews","4.4","Japanese"
"507",507,"Lucciola",4.4,4.5,4.2,4.4,"$31 to $50","400 Reviews","4.4","Italian"
"508",508,"Marlow Bistro",4.3,4.5,4.1,4.1,"$30 and under","251 Reviews","4.4","Mediterranean"
"509",509,"New Amsterdam Burger and Bar",4.6,4.4,4,4.6,"$31 to $50","44 Reviews","4.6","American"
